ID,Name,EventType_ID
RFQ_TEMPLATE, RFQ Template Demo 1,RFQ
RFP_TEMPLATE, RFP Template Demo 1,RFP
FWD_TEMPLATE, Forward Auction Template Demo 1,FWD
RVA_TEMPLATE, Reverse Auction Template Demo 1,RVA
1RFP_TEMPLATE, RFP Template Demo 2,RFP
2RFP_TEMPLATE, RFP Template Demo 3,RFP
3RFP_TEMPLATE, RFP Template Demo 4,RFP
4RFP_TEMPLATE, RFP Template Demo 5,RFP
5RFP_TEMPLATE, RFP Template Demo 1,RFP
6RFP_TEMPLATE, RFP Template Demo 1,RFP
7RFP_TEMPLATE, RFP Template Demo 1,RFP
8RFP_TEMPLATE, RFP Template Demo 1,RFP
9RFP_TEMPLATE, RFP Template Demo 1,RFP
10RFP_TEMPLATE, RFP Template Demo 1,RFP
11RFP_TEMPLATE, RFP Template Demo 1,RFP
12RFP_TEMPLATE, RFP Template Demo 1,RFP
13RFP_TEMPLATE, RFP Template Demo 1,RFP
14RFP_TEMPLATE, RFP Template Demo 1,RFP
15RFP_TEMPLATE, RFP Template Demo 1,RFP
16RFP_TEMPLATE, RFP Template Demo 1,RFP
17RFP_TEMPLATE, RFP Template Demo 1,RFP
18RFP_TEMPLATE, RFP Template Demo 1,RFP
19RFP_TEMPLATE, RFP Template Demo 1,RFP
20RFP_TEMPLATE, RFP Template Demo 1,RFP
21RFP_TEMPLATE, RFP Template Demo 1,RFP
22RFP_TEMPLATE, RFP Template Demo 1,RFP
23RFP_TEMPLATE, RFP Template Demo 1,RFP
24RFP_TEMPLATE, RFP Template Demo 1,RFP
25RFP_TEMPLATE, RFP Template Demo 1,RFP
26RFP_TEMPLATE, RFP Template Demo 1,RFP
27RFP_TEMPLATE, RFP Template Demo 1,RFP
28RFP_TEMPLATE, RFP Template Demo 1,RFP
29RFP_TEMPLATE, RFP Template Demo 1,RFP
30RFP_TEMPLATE, RFP Template Demo 1,RFP
31RFP_TEMPLATE, RFP Template Demo 1,RFP
32RFP_TEMPLATE, RFP Template Demo 1,RFP
33RFP_TEMPLATE, RFP Template Demo 1,RFP
34RFP_TEMPLATE, RFP Template Demo 1,RFP
35RFP_TEMPLATE, RFP Template Demo 1,RFP
36RFP_TEMPLATE, RFP Template Demo 1,RFP
37RFP_TEMPLATE, RFP Template Demo 1,RFP
38RFP_TEMPLATE, RFP Template Demo 1,RFP
39RFP_TEMPLATE, RFP Template Demo 1,RFP
RFP_TEMPLATE40, RFP Template Demo 1,RFP
RFP_TEMPLATE41, RFP Template Demo 1,RFP
RFP_TEMPLATE42, RFP Template Demo 1,RFP
RFP_TEMPLATE43, RFP Template Demo 1,RFP
RFP_TEMPLATE44, RFP Template Demo 1,RFP
RFP_TEMPLATE45, RFP Template Demo 1,RFP
RFP_TEMPLATE46, RFP Template Demo 1,RFP
RFP_TEMPLATE47, RFP Template Demo 1,RFP
RFP_TEMPLATE48, RFP Template Demo 1,RFP
RFP_TEMPLATE49, RFP Template Demo 1,RFP
RFP_TEMPLATE50, RFP Template Demo 1,RFP
RFP_TEMPLATE51, RFP Template Demo 1,RFP
RFP_TEMPLATE52, RFP Template Demo 1,RFP
RFP_TEMPLATE53, RFP Template Demo 1,RFP
RFP_TEMPLATE54, RFP Template Demo 1,RFP
RFP_TEMPLATE55, RFP Template Demo 1,RFP
RFP_TEMPLATE56, RFP Template Demo 1,RFP
RFP_TEMPLATE57, RFP Template Demo 1,RFP
RFP_TEMPLATE58, RFP Template Demo 1,RFP
RFP_TEMPLATE59, RFP Template Demo 1,RFP
RFP_TEMPLATE60, RFP Template Demo 1,RFP
RFP_TEMPLATE61, RFP Template Demo 1,RFP
RFP_TEMPLATE62, RFP Template Demo 1,RFP
RFP_TEMPLATE63, RFP Template Demo 1,RFP
RFP_TEMPLATE64, RFP Template Demo 1,RFP
RFP_TEMPLATE65, RFP Template Demo 1,RFP
RFP_TEMPLATE66, RFP Template Demo 1,RFP
RFP_TEMPLATE67, RFP Template Demo 1,RFP
RFP_TEMPLATE68, RFP Template Demo 1,RFP
RFP_TEMPLATE69, RFP Template Demo 1,RFP
RFP_TEMPLATE70, RFP Template Demo 1,RFP
RFP_TEMPLATE71, RFP Template Demo 1,RFP
RFP_TEMPLATE72, RFP Template Demo 1,RFP
RFP_TEMPLATE73, RFP Template Demo 1,RFP
RFP_TEMPLATE74, RFP Template Demo 1,RFP
RFP_TEMPLATE75, RFP Template Demo 1,RFP
RFP_TEMPLATE76, RFP Template Demo 1,RFP
RFP_TEMPLATE77, RFP Template Demo 1,RFP
RFP_TEMPLATE78, RFP Template Demo 1,RFP
RFP_TEMPLATE79, RFP Template Demo 1,RFP
RFP_TEMPLATE80, RFP Template Demo 1,RFP
RFP_TEMPLATE81, RFP Template Demo 1,RFP
RFP_TEMPLATE82, RFP Template Demo 1,RFP
RFP_TEMPLATE83, RFP Template Demo 1,RFP
RFP_TEMPLATE84, RFP Template Demo 1,RFP
RFP_TEMPLATE85, RFP Template Demo 1,RFP
RFP_TEMPLATE86, RFP Template Demo 1,RFP
RFP_TEMPLATE87, RFP Template Demo 1,RFP
RFP_TEMPLATE88, RFP Template Demo 1,RFP
RFP_TEMPLATE89, RFP Template Demo 1,RFP
RFP_TEMPLATE90, RFP Template Demo 1,RFP
RFP_TEMPLATE91, RFP Template Demo 1,RFP
RFP_TEMPLATE92, RFP Template Demo 1,RFP
RFP_TEMPLATE93, RFP Template Demo 1,RFP
RFP_TEMPLATE94, RFP Template Demo 1,RFP
RFP_TEMPLATE95, RFP Template Demo 1,RFP
RFP_TEMPLATE96, RFP Template Demo 1,RFP
RFP_TEMPLATE97, RFP Template Demo 1,RFP
RFP_TEMPLATE98, RFP Template Demo 1,RFP
RFP_TEMPLATE99, RFP Template Demo 1,RFP
RFP_TEMPLATE100, RFP Template Demo 1,RFP
RFP_TEMPLATE101, RFP Template Demo 1,RFP
RFP_TEMPLATE102, RFP Template Demo 1,RFP
RFP_TEMPLATE103, RFP Template Demo 1,RFP
RFP_TEMPLATE104, RFP Template Demo 1,RFP
RFP_TEMPLATE105, RFP Template Demo 1,RFP
RFP_TEMPLATE106, RFP Template Demo 1,RFP
RFP_TEMPLATE107, RFP Template Demo 1,RFP
RFP_TEMPLATE108, RFP Template Demo 1,RFP
RFP_TEMPLATE109, RFP Template Demo 1,RFP
RFP_TEMPLATE110, RFP Template Demo 1,RFP